"dom","quant10","quant25","quant75","quant90","gini","mean","hcr","qsr","pgap"
5,5523.39727354272,7425.74058379345,14731.4465234809,20318.661632198,0.285288349584147,12000.4485800362,0.0350623221120817,4.2139549891211,0.00554020052587093
34,5738.08180489532,7723.77145944246,15290.9926381216,21016.9851370099,0.283902646528769,12459.2471212779,0.0284754925015926,4.1874489206567,0.0043890863556834
40,5647.72504654587,7598.24866809319,15073.8840933209,20717.2672357657,0.284970527682203,12282.0097733151,0.0310626401126114,4.20723919608558,0.00486949013059514
42,5449.67571803174,7322.57642754041,14537.1065242523,20088.9561395485,0.285362460755377,11849.6423777498,0.0371900826446281,4.21200019667035,0.00583420739100799
44,5673.37504930499,7613.38888205838,15103.1962282055,20847.3988663178,0.285237333308334,12315.3026065546,0.0309789968019822,4.21205209941305,0.00475653437189345
